<?xml version="1.0" encoding="UTF-8"?>
<metadata xml:lang="en"><Esri><CreaDate>20200428</CreaDate><CreaTime>11030100</CreaTime><ArcGISFormat>1.0</ArcGISFormat><SyncOnce>TRUE</SyncOnce><DataProperties><lineage><Process ToolSource="c:\program files (x86)\arcgis\desktop10.6\ArcToolbox\Toolboxes\Conversion Tools.tbx\PolygonToRaster" Date="20200428" Time="105913">PolygonToRaster BL_2050 Val_1 D:\NOAA_Project\Newport_Bay\Wetland_Modeling\Delft3D_Models\New_Wetland_Model_03042020_v2\RCP4_low_bound\Bed_Level_2050.tif CELL_CENTER NONE 5</Process></lineage><itemProps><itemLocation><linkage Sync="TRUE">file://\\MATT-PC\D$\NOAA_Project\Newport_Bay\Wetland_Modeling\Delft3D_Models\New_Wetland_Model_03042020_v2\RCP4_low_bound\RCP4_dredging_2050\Bed_Level_2050.tif</linkage><protocol Sync="TRUE">Local Area Network</protocol></itemLocation></itemProps><copyHistory><copy source="D:\NOAA_Project\Newport_Bay\Wetland_Modeling\Delft3D_Models\New_Wetland_Model_03042020_v2\RCP4_low_bound\Bed_Level_2050.tif" dest="\\MATT-PC\D$\NOAA_Project\Newport_Bay\Wetland_Modeling\Delft3D_Models\New_Wetland_Model_03042020_v2\RCP4_low_bound\RCP4_dredging_2050\Bed_Level_2050.tif" date="20200428" time="11030100"></copy></copyHistory></DataProperties></Esri></metadata>
