<?xml version="1.0" encoding="UTF-8"?>
<metadata xml:lang="en"><Esri><CreaDate>20200427</CreaDate><CreaTime>12365100</CreaTime><ArcGISFormat>1.0</ArcGISFormat><SyncOnce>TRUE</SyncOnce><DataProperties><lineage><Process ToolSource="c:\program files (x86)\arcgis\desktop10.6\ArcToolbox\Toolboxes\Conversion Tools.tbx\PolygonToRaster" Date="20200427" Time="123351">PolygonToRaster BL_2100 Val_1 D:\NOAA_Project\Newport_Bay\Wetland_Modeling\Delft3D_Models\New_Wetland_Model_03042020_v2\RCP8_upper_bound\no_dredging\BL_2100.tif CELL_CENTER NONE 5</Process></lineage><itemProps><itemLocation><linkage Sync="TRUE">file://\\MATT-PC\D$\NOAA_Project\Newport_Bay\Wetland_Modeling\Delft3D_Models\New_Wetland_Model_03042020_v2\RCP8_upper_bound\no_dredging\TIF_Files\BL_2100.tif</linkage><protocol Sync="TRUE">Local Area Network</protocol></itemLocation></itemProps><copyHistory><copy source="D:\NOAA_Project\Newport_Bay\Wetland_Modeling\Delft3D_Models\New_Wetland_Model_03042020_v2\RCP8_upper_bound\no_dredging\BL_2100.tif" dest="\\MATT-PC\D$\NOAA_Project\Newport_Bay\Wetland_Modeling\Delft3D_Models\New_Wetland_Model_03042020_v2\RCP8_upper_bound\no_dredging\TIF_Files\BL_2100.tif" date="20200427" time="12365100"></copy></copyHistory></DataProperties></Esri></metadata>
