<?xml version="1.0" encoding="UTF-8"?>
<metadata xml:lang="en"><Esri><CreaDate>20200705</CreaDate><CreaTime>18382400</CreaTime><ArcGISFormat>1.0</ArcGISFormat><SyncOnce>TRUE</SyncOnce><DataProperties><lineage><Process ToolSource="c:\program files (x86)\arcgis\desktop10.6\ArcToolbox\Toolboxes\Conversion Tools.tbx\PolygonToRaster" Date="20200705" Time="183824">PolygonToRaster BL_2050 Val_1 D:\NOAA_Project\Newport_Bay\Wetland_Modeling\GIS_Files\scenarios_04282020\GIS_WORK\RCP4_Q66_no_dredging_2050\RCP4_Q66_no_dredging_2050.tif CELL_CENTER NONE 5</Process></lineage></DataProperties></Esri></metadata>
