<?xml version="1.0" encoding="UTF-8"?>
<metadata xml:lang="en"><Esri><CreaDate>20200428</CreaDate><CreaTime>11090600</CreaTime><ArcGISFormat>1.0</ArcGISFormat><SyncOnce>TRUE</SyncOnce><DataProperties><lineage><Process ToolSource="c:\program files (x86)\arcgis\desktop10.6\ArcToolbox\Toolboxes\Conversion Tools.tbx\PolygonToRaster" Date="20200428" Time="110906">PolygonToRaster Bed_Level_2050 Val_1 D:\NOAA_Project\Newport_Bay\Wetland_Modeling\Delft3D_Models\New_Wetland_Model_03042020_v2\RCP8_upper_bound\check_v2_04202020\check2050\RCP8_2050_dredging\RCP8_2050_dredging.tif CELL_CENTER NONE 5</Process></lineage></DataProperties></Esri></metadata>
