<?xml version="1.0" encoding="UTF-8"?>
<metadata xml:lang="en"><Esri><CreaDate>20200428</CreaDate><CreaTime>12000100</CreaTime><ArcGISFormat>1.0</ArcGISFormat><SyncOnce>TRUE</SyncOnce><DataProperties><lineage><Process ToolSource="c:\program files (x86)\arcgis\desktop10.6\ArcToolbox\Toolboxes\Conversion Tools.tbx\PolygonToRaster" Date="20200428" Time="120001">PolygonToRaster BL_2050 Val_1 D:\NOAA_Project\Newport_Bay\Wetland_Modeling\Delft3D_Models\New_Wetland_Model_03042020_v2\RCP4_low_bound\RCP4_no_dredging_2100\GIS_files\RCP4_no_dredging_2050\RCP4_no_dredging_2050.tif CELL_CENTER NONE 5</Process></lineage></DataProperties></Esri></metadata>
