<?xml version="1.0" encoding="UTF-8"?>
<metadata xml:lang="en"><Esri><CreaDate>20200601</CreaDate><CreaTime>14343400</CreaTime><ArcGISFormat>1.0</ArcGISFormat><SyncOnce>TRUE</SyncOnce><DataProperties><lineage><Process ToolSource="c:\program files (x86)\arcgis\desktop10.6\ArcToolbox\Toolboxes\Conversion Tools.tbx\PolygonToRaster" Date="20200601" Time="143434">PolygonToRaster bl_2100 Val_1 D:\NOAA_Project\Newport_Bay\Wetland_Modeling\Delft3D_Models\New_Wetland_Model_03042020_v2\RCP8_upper_bound\RCP8_2100_dredging\RCP8_2100_dredging.tif CELL_CENTER NONE 5</Process></lineage></DataProperties></Esri></metadata>
